<?xml version="1.0" encoding="UTF-8"?>
<project-private xmlns="http://www.netbeans.org/ns/project-private/1">
    <editor-bookmarks xmlns="http://www.netbeans.org/ns/editor-bookmarks/2" lastBookmarkId="0"/>
    <open-files xmlns="http://www.netbeans.org/ns/projectui-open-files/2">
        <group>
            <file>file:/C:/Users/Andrés%20Gutiérrez/Downloads/Convergencia4/Version%204.3/Proyecto2/InstrumentosPresentacion/src/instrumentospresentacion/View/CalibracionesView.java</file>
            <file>file:/C:/Users/Andrés%20Gutiérrez/Downloads/Convergencia4/Version%204.3/Proyecto2/InstrumentosPresentacion/src/instrumentospresentacion/View/TipoInstrumentoView.java</file>
            <file>file:/C:/Users/Andrés%20Gutiérrez/Downloads/Convergencia4/Version%204.3/Proyecto2/InstrumentosPresentacion/src/instrumentospresentacion/Model/CalibracionesModel.java</file>
            <file>file:/C:/Users/Andrés%20Gutiérrez/Downloads/Convergencia4/Version%204.3/Proyecto2/InstrumentosPresentacion/src/instrumentospresentacion/Control/CalibracionesControl.java</file>
            <file>file:/C:/Users/Andrés%20Gutiérrez/Downloads/Convergencia4/Version%204.3/Proyecto2/InstrumentosPresentacion/src/instrumentospresentacion/View/InstrumentoView.java</file>
            <file>file:/C:/Users/Andrés%20Gutiérrez/Downloads/Convergencia4/Version%204.3/Proyecto2/InstrumentosPresentacion/src/instrumentospresentacion/View/InstrumentosView.java</file>
            <file>file:/C:/Users/Andrés%20Gutiérrez/Downloads/Convergencia4/Version%204.3/Proyecto2/InstrumentosPresentacion/src/instrumentospresentacion/Model/MedidaTableModel.java</file>
        </group>
    </open-files>
</project-private>
